{
  "mae": 1.2262027038004486,
  "rmse": 1.5372407811307154,
  "r2": 0.9604660753268714
}